feature,p_val,A,fdr,signi
NRG3,0.0,1.9404988274522001,0.0,True
NTS,0.0,1.8766416954394731,0.0,True
ARL15,0.0,1.872246155205589,0.0,True
IGFBP3,0.0,1.8511247028145923,0.0,True
DKK2,0.0,1.790425461554485,0.0,True
POSTN,0.0,1.7658806765694695,0.0,True
COL3A1,0.0,1.6862302918766263,0.0,True
COL4A1,0.0,1.6771677652670403,0.0,True
CCL21,0.0,1.6687938889872298,0.0,True
EDN1,0.0,1.6145352112271147,0.0,True
VCAN,0.0,1.564170784361777,0.0,True
IL32,0.0,1.5445245353473345,0.0,True
TMEM100,0.0,1.5404203618969214,0.0,True
IGF2,0.0,1.5071212198723136,0.0,True
FABP5,0.0,1.4983731365530613,0.0,True
PDE3A,0.0,1.4968381347777606,0.0,True
FAM155A,0.0,1.4775722705070613,0.0,True
SPARCL1,0.0,1.4571595668533655,0.0,True
MAST4,0.0,1.432673805970698,0.0,True
VWF,0.0,1.42190628198638,0.0,True
CLDN5,0.0,1.4076601147690133,0.0,True
ELN,0.0,1.4073484121759274,0.0,True
SERPINE2,0.0,1.4015111686340582,0.0,True
KLF2,2.9034349117694868e-205,1.3775089870678447,1.4517174558847433e-201,True
ACKR3,0.0,1.3698797566664727,0.0,True
CCL14,0.0,1.328715786958525,0.0,True
CGNL1,0.0,1.3250094177240415,0.0,True
A2M,0.0,1.3248243367828172,0.0,True
PRND,0.0,1.3215443752175418,0.0,True
CXCL12,0.0,1.318329996133106,0.0,True
CCN2,7.812324693294917e-64,1.3153878288182475,3.9061623466474587e-60,True
MEIS2,0.0,1.311402514753654,0.0,True
TCIM,0.0,1.3083538950561313,0.0,True
TFPI,0.0,1.2941142102422143,0.0,True
MCTP1,0.0,1.2932870543564008,0.0,True
MGP,0.0,1.2861375760327023,0.0,True
NPPC,0.0,1.2809282803888207,0.0,True
MMRN1,0.0,1.280515764950527,0.0,True
CLEC3B,0.0,1.2782747784548043,0.0,True
GALNT18,0.0,1.2746644042706325,0.0,True
DACH1,0.0,1.268165053239155,0.0,True
NAV3,0.0,1.2638345056053901,0.0,True
IER3,0.0,1.2535374302570539,0.0,True
EMP1,0.0,1.253484555775351,0.0,True
CD36,0.0,1.2447685920726854,0.0,True
IGFBP7,0.0,1.2444644374934604,0.0,True
AL357507.1,0.0,1.243997226260881,0.0,True
CDH13,0.0,1.2315632181946652,0.0,True
FLRT2,0.0,1.2257837181985933,0.0,True
TSHZ2,0.0,1.2215196802424764,0.0,True
SLC9C1,0.0,1.2210352233557538,0.0,True
EYS,0.0,1.2209396380044413,0.0,True
MAGI1,0.0,1.218881760688919,0.0,True
COLEC11,0.0,1.208055098047212,0.0,True
PCDH7,0.0,1.2036992265419408,0.0,True
DIAPH2,0.0,1.2033914900169633,0.0,True
LYVE1,0.0,1.202231527546756,0.0,True
COL15A1,0.0,1.1987967879431682,0.0,True
FN1,0.0,1.1987281420169649,0.0,True
ARHGAP18,0.0,1.1970693900039433,0.0,True
LINC01197,0.0,1.1958006407268718,0.0,True
ADAMTS9,0.0,1.193159619034018,0.0,True
PLCB1,0.0,1.1880678239076023,0.0,True
CTHRC1,0.0,1.1842810536400539,0.0,True
BTNL9,0.0,1.1839427687863462,0.0,True
ROBO1,0.0,1.1822205214631134,0.0,True
CSGALNACT1,0.0,1.1820921648368798,0.0,True
CDH11,0.0,1.1816284802565622,0.0,True
LHFPL6,0.0,1.1791467887880707,0.0,True
PTHLH,0.0,1.1783733546429627,0.0,True
INHBA,0.0,1.1768485037310126,0.0,True
ADGRL4,0.0,1.1701182064723863,0.0,True
DOCK4,0.0,1.1651617236876823,0.0,True
PTPRB,0.0,1.1648993119362478,0.0,True
SULF1,0.0,1.1641640143779601,0.0,True
MIR99AHG,0.0,1.1583330953559492,0.0,True
CAV1,0.0,1.1563753054403976,0.0,True
SLC2A3,0.0,1.1557875005328762,0.0,True
VEGFC,0.0,1.1522367418143697,0.0,True
NPR3,0.0,1.1516422123568821,0.0,True
HAS2,0.0,1.150784325601204,0.0,True
PLEKHG1,0.0,1.1493015034214897,0.0,True
NPAS2,6.3627266366049255e-257,1.1457893863924586,3.181363318302463e-253,True
CD55,0.0,1.1451924113403371,0.0,True
ADGRG6,0.0,1.1378707902324818,0.0,True
UNC5B,0.0,1.1297732565553535,0.0,True
GJA5,0.0,1.1288937210921364,0.0,True
PRAG1,1.810457306821522e-182,1.1147618828994588,9.052286534107609e-179,True
ID2,4.273238356681545e-282,1.1124573094733479,2.1366191783407726e-278,True
RGCC,0.0,1.110817967373875,0.0,True
FBLN2,0.0,1.1084418538315886,0.0,True
THSD7A,0.0,1.1015599319082046,0.0,True
KIAA1217,0.0,1.0947281125751007,0.0,True
PLAC9,0.0,1.0929383771483965,0.0,True
CRABP2,0.0,1.0831993787592804,0.0,True
PCDH11X,1.576879406802844e-266,1.0810634474210437,7.88439703401422e-263,True
HMOX1,1.775179190870158e-41,1.0802417496523882,8.87589595435079e-38,True
ITGA6,0.0,1.0730866495178857,0.0,True
MYO1B,0.0,1.072235202489312,0.0,True
NEAT1,0.0,1.0697276444898314,0.0,True
MAML3,0.0,1.0676421792700699,0.0,True
FABP4,0.0,1.0662342108905456,0.0,True
PDE4D,0.0,1.0633751379215983,0.0,True
PLPP1,0.0,1.0633043199936,0.0,True
TFF3,0.0,1.06242435738677,0.0,True
SAT1,0.0,1.060827315226506,0.0,True
JAG1,0.0,1.0570805403210912,0.0,True
UACA,0.0,1.054684452803022,0.0,True
SEMA6D,0.0,1.053916105982675,0.0,True
MIR100HG,0.0,1.053813631526908,0.0,True
SFMBT2,0.0,1.0526701733384358,0.0,True
RELN,0.0,1.050986399459325,0.0,True
AKAP12,0.0,1.0501002672228004,0.0,True
MYO10,0.0,1.0415501630235218,0.0,True
PDLIM3,0.0,1.0402716609069573,0.0,True
PBX1,1.8314629912957704e-219,1.0402383223232912,9.157314956478852e-216,True
ARL4A,0.0,1.0400997472762183,0.0,True
ACSM3,1.1998627665205168e-170,1.039869496453364,5.999313832602584e-167,True
CD93,0.0,1.0350306764387385,0.0,True
ITGA8,0.0,1.027512518550598,0.0,True
BNIP3,1.1921098440090472e-205,1.0271791569746513,5.960549220045236e-202,True
SRGN,0.0,1.0255355538884778,0.0,True
HAPLN1,0.0,1.0247900000571721,0.0,True
NR2F2-AS1,0.0,1.023174901265847,0.0,True
NIBAN1,0.0,1.0216587984666636,0.0,True
NCOA7,0.0,1.0211114757230308,0.0,True
HSPA1A,9.164404161927133e-42,1.0202903999850554,4.5822020809635666e-38,True
KITLG,0.0,1.0195344441149885,0.0,True
LSAMP,0.0,1.0194808395064971,0.0,True
ZC3HAV1,2.5867662703308043e-101,1.0194082016738137,1.293383135165402e-97,True
ST8SIA6,0.0,1.0180763420625887,0.0,True
GJA4,0.0,1.0176114290032368,0.0,True
CCL2,3.2283083827914423e-192,1.0162126006938461,1.614154191395721e-188,True
SIPA1L2,0.0,1.0049132067096278,0.0,True
C4orf48,0.0,1.003737876193774,0.0,True
NR4A1,2.727671551305028e-216,1.0016765178226275,1.363835775652514e-212,True
INSR,0.0,0.999972973494601,0.0,True
PRKG1,0.0,0.997544058864261,0.0,True
S100A6,0.0,0.9972663534310251,0.0,True
MYO1E,0.0,0.9950619374922494,0.0,True
KCNQ5,0.0,0.9913549856904009,0.0,True
AL021918.5,2.7384405111710513e-13,0.9875585106907301,1.3692202555855257e-09,True
BMP4,0.0,0.9842214022697404,0.0,True
HECW2,0.0,0.9796904807110758,0.0,True
KLHL13,0.0,0.9790742424984207,0.0,True
ZSWIM6,0.0,0.9778415625729546,0.0,True
HLA-B,0.0,0.9747615023570646,0.0,True
SEMA3A,0.0,0.9733354233433782,0.0,True
VAV3,0.0,0.9694224165559037,0.0,True
CACNA2D1,0.0,0.968396814433077,0.0,True
MEST,0.0,0.9654615686679023,0.0,True
RAPGEF1,0.0,0.965402616973621,0.0,True
CPXM2,0.0,0.9616410114839414,0.0,True
TNNT3,0.0,0.9603613241564944,0.0,True
JAM2,0.0,0.9597482333134699,0.0,True
PREX2,0.0,0.9581492760082102,0.0,True
LINC01619,0.0,0.955998552708782,0.0,True
PROX1,0.0,0.9526072447641811,0.0,True
ARHGEF28,0.0,0.9516547507786425,0.0,True
OPCML,0.0,0.947422844295492,0.0,True
COL1A2,0.0,0.9439188142004644,0.0,True
EFNA5,0.0,0.9426166189658434,0.0,True
CCDC80,0.0,0.9409903202556685,0.0,True
RGS6,0.0,0.939643609604864,0.0,True
THBS1,0.0,0.9327046885844678,0.0,True
APLNR,0.0,0.932636098721881,0.0,True
ANO2,0.0,0.9303358802540038,0.0,True
PPP1R14A,0.0,0.9295164545024704,0.0,True
COL1A1,0.0,0.9293799529620093,0.0,True
DNAJB1,2.257325061622895e-81,0.9281962774629686,1.1286625308114474e-77,True
FBLN5,0.0,0.9262949920240444,0.0,True
MEG8,6.525048993666453e-193,0.9204976544547749,3.2625244968332265e-189,True
NCKAP5,0.0,0.9199363094685926,0.0,True
FLNB,0.0,0.9197075427706548,0.0,True
KCNIP4,1.2594785725024967e-125,0.9183154890558913,6.297392862512483e-122,True
TIMP3,0.0,0.9178488628473096,0.0,True
ATP1B1,0.0,0.9129669153542133,0.0,True
DPYSL3,0.0,0.9098251312586426,0.0,True
RBP7,0.0,0.9077993351501729,0.0,True
SLIT3,0.0,0.9069407398392679,0.0,True
XKR4,0.0,0.9045701964685117,0.0,True
EGLN1,0.0,0.9008028073796521,0.0,True
SMAD1,0.0,0.9007682730172353,0.0,True
AKR1B1,0.0,0.8991303722469882,0.0,True
NFE2L3,0.0,0.8981297404400012,0.0,True
PREX1,0.0,0.898120341528287,0.0,True
FBN2,0.0,0.8944136847914594,0.0,True
ESM1,0.0,0.8933061580565359,0.0,True
GRIA2,0.0,0.8932361478016707,0.0,True
PTPRE,0.0,0.8930080062510843,0.0,True
GABBR2,0.0,0.8927826811982105,0.0,True
SYNE2,0.0,0.8915662491214829,0.0,True
FRMD4A,0.0,0.8908611995571951,0.0,True
SOX5,0.0,0.8908101329349469,0.0,True
EGR1,9.806096500989224e-259,0.8896088415375247,4.903048250494612e-255,True
EMP3,0.0,0.8880893933513444,0.0,True
NDRG1,0.0,0.8854583609818347,0.0,True
GJA1,0.0,0.8845001317061296,0.0,True
FGD4,0.0,0.8843933543909908,0.0,True
APBB2,0.0,0.8818323272453353,0.0,True
GNG2,0.0,0.8801401061362727,0.0,True
EPHA4,0.0,0.8794805868195353,0.0,True
MEOX2,0.0,0.8789294134435035,0.0,True
AQP1,0.0,0.8788906169165625,0.0,True
GRB10,0.0,0.8764890047109879,0.0,True
EPS8,0.0,0.8749707013570217,0.0,True
HSPD1,5.197381960702995e-83,0.8739587217112965,2.5986909803514975e-79,True
BMP6,1.8522423424665744e-240,0.8718465455471134,9.261211712332872e-237,True
GATA4,0.0,0.8715202277141416,0.0,True
ALDH1A2,1.998795964454275e-275,0.8697471981085356,9.993979822271375e-272,True
PLVAP,0.0,0.8696249022901698,0.0,True
MTSS1,0.0,0.8694528292670447,0.0,True
TSPAN13,0.0,0.8677316839922737,0.0,True
MLLT3,1.7406552458713501e-236,0.8657298442423215,8.703276229356751e-233,True
JUND,2.1888165127192074e-211,0.8654072120692824,1.0944082563596036e-207,True
RFTN1,0.0,0.864658029759092,0.0,True
CHSY1,0.0,0.8639005930061514,0.0,True
EMILIN1,0.0,0.8586875215682926,0.0,True
SCHIP1,0.0,0.8581140401134245,0.0,True
LEPR,0.0,0.8580031660708435,0.0,True
CXCR4,0.0,0.8572063330347075,0.0,True
NETO2,0.0,0.8558457978566558,0.0,True
THRB,0.0,0.8544365200863079,0.0,True
SOCS3,1.8167601934862652e-262,0.8531492506291949,9.083800967431326e-259,True
LTC4S,0.0,0.8517931655731447,0.0,True
ZFP36,9.024771445333283e-191,0.8507073259488385,4.512385722666641e-187,True
MPP7,0.0,0.8476066501526712,0.0,True
DGKH,0.0,0.8463967264044318,0.0,True
PGM5,0.0,0.8459805603895778,0.0,True
MYL7,1.2828141102233657e-169,0.8455516810381976,6.414070551116828e-166,True
STOX2,0.0,0.8444938708668821,0.0,True
LMCD1,0.0,0.8439420974014302,0.0,True
PRKCB,0.0,0.8394361289672431,0.0,True
NR2F1,0.0,0.8383539566068494,0.0,True
EFCAB14,0.0,0.8380946952824072,0.0,True
NEURL1B,0.0,0.8366827639892573,0.0,True
PDGFB,0.0,0.8358533385705958,0.0,True
NLGN1,0.0,0.835020840898451,0.0,True
THBD,0.0,0.8336335281203578,0.0,True
TNFRSF10D,7.190530138550806e-160,0.8315870332455899,3.595265069275403e-156,True
AL583785.1,0.0,0.829305605171467,0.0,True
ADGRL2,0.0,0.8254242974483748,0.0,True
COBLL1,0.0,0.8234460422870353,0.0,True
ABCA6,1.2612063360077553e-87,0.8217236116496819,6.306031680038776e-84,True
PDK4,5.833717330748204e-126,0.8189276132136872,2.916858665374102e-122,True
STC1,6.675818110505609e-191,0.8182842749527012,3.3379090552528043e-187,True
DUSP5,2.1383745867905956e-125,0.8154839603316043,1.0691872933952977e-121,True
AL159156.1,1.0894007408009294e-46,0.8137488531416528,5.4470037040046466e-43,True
ADAMTSL4-AS1,0.0,0.8127574388816738,0.0,True
LTBP1,3.0327691709572362e-285,0.8119257604267427,1.516384585478618e-281,True
DIPK2B,0.0,0.811082277141721,0.0,True
SLC2A14,0.0,0.8110018132832455,0.0,True
KCNH7,0.0,0.8108755862232513,0.0,True
PGF,0.0,0.810655892643804,0.0,True
PLAT,0.0,0.8093298582913838,0.0,True
SYNJ2,0.0,0.8079409464477705,0.0,True
KISS1,0.0,0.8077564352554086,0.0,True
AKR1C1,1.2822917105271486e-146,0.8067111022558857,6.411458552635743e-143,True
PLCL1,0.0,0.8065679725758503,0.0,True
ARHGEF3,0.0,0.8061744828136523,0.0,True
SGIP1,0.0,0.8049156055691653,0.0,True
HSPA1B,1.0501512887422325e-31,0.8041932469951466,5.250756443711163e-28,True
GPM6A,0.0,0.8034650631254145,0.0,True
SMAD6,0.0,0.8032935984254862,0.0,True
CASC15,0.0,0.8025372031989564,0.0,True
NR2F2,0.0,0.8021716748525082,0.0,True
NSG1,0.0,0.800242650845524,0.0,True
GAB1,0.0,0.8001420926383311,0.0,True
LRCH1,0.0,0.7994882892277396,0.0,True
ATP13A3,0.0,0.7990290549872471,0.0,True
MARCHF3,0.0,0.7988175211742563,0.0,True
KLF4,0.0,0.7983236179587361,0.0,True
IGFBP5,0.0,0.7963933046560856,0.0,True
RALGAPA2,0.0,0.7949181121764854,0.0,True
PLSCR4,0.0,0.7931848287793278,0.0,True
EGFL8,0.0,0.7914064327350065,0.0,True
COL12A1,0.0,0.789946531293217,0.0,True
FOS,9.746070316805056e-246,0.7898555994201817,4.873035158402528e-242,True
COL14A1,0.0,0.7895312292596088,0.0,True
BCL2,0.0,0.7879856322541252,0.0,True
ADAM19,0.0,0.7868865020560735,0.0,True
PCSK5,0.0,0.7868525955552622,0.0,True
FILIP1,0.0,0.785854738876981,0.0,True
HSPA6,2.968661257706352e-38,0.7847040270865571,1.4843306288531759e-34,True
ZFPM2,0.0,0.7844256917997008,0.0,True
NBL1,0.0,0.7837811628495569,0.0,True
PDE10A,0.0,0.783652553553872,0.0,True
JUNB,5.871648245747123e-234,0.7833758324931785,2.935824122873562e-230,True
COL23A1,0.0,0.781970177492605,0.0,True
ITM2A,0.0,0.780197798098841,0.0,True
LURAP1L,0.0,0.7801440668000663,0.0,True
ADIRF,0.0,0.7789134377465583,0.0,True
TSPAN7,2.886497000510999e-285,0.7785883367293606,1.4432485002554993e-281,True
GYPC,0.0,0.7767489606324609,0.0,True
PLEKHA5,4.0091637419142775e-14,0.7761828013139297,2.0045818709571386e-10,True
CTSL,0.0,0.7749654144046959,0.0,True
TCF15,0.0,0.7736361044066957,0.0,True
MTHFD1L,4.4798591751902966e-206,0.772142452297899,2.239929587595148e-202,True
KCTD12,0.0,0.7721261956085321,0.0,True
PELI2,0.0,0.7711215800350579,0.0,True
TGM2,0.0,0.7711071375579831,0.0,True
APOE,0.0,0.7702451631349579,0.0,True
AL589693.1,0.0,0.768875186379987,0.0,True
MTRNR2L1,7.999834927263506e-139,0.7677420625470851,3.999917463631753e-135,True
SLC12A2,0.0,0.7675598156981125,0.0,True
MICAL2,0.0,0.7667281505628436,0.0,True
SPRY1,1.7111217804713244e-163,0.7641714611989172,8.555608902356622e-160,True
PDE4C,0.0,0.763706690277668,0.0,True
COLEC12,0.0,0.7614891735709396,0.0,True
CLIC5,0.0,0.7599619643554667,0.0,True
EPHA7,1.2059155993546119e-129,0.7583848667385678,6.029577996773059e-126,True
CFH,0.0,0.757567215294426,0.0,True
SULT1C4,0.0,0.7561046388227266,0.0,True
RASSF2,0.0,0.755519617753349,0.0,True
MEIS1,1.737333846755105e-173,0.7520879753144685,8.686669233775524e-170,True
SGCD,0.0,0.7517982436738864,0.0,True
AL078604.4,0.0,0.7495882716749125,0.0,True
SLCO2A1,0.0,0.7489169017451227,0.0,True
AC069277.1,2.0435715731944178e-10,0.7487130460680587,1.0217857865972088e-06,True
NAALADL2,0.0,0.7479299930701943,0.0,True
DST,0.0,0.7455613955238124,0.0,True
ARID5B,0.0,0.7447291062717298,0.0,True
PCDH15,0.0,0.7423970401257868,0.0,True
NFATC1,0.0,0.7419335231724196,0.0,True
ALDH2,0.0,0.7402530711275711,0.0,True
CRY1,2.3678966930493342e-163,0.7397751029216151,1.183948346524667e-159,True
KIT,0.0,0.7394480454266746,0.0,True
CD9,0.0,0.738987864458208,0.0,True
LTBP4,0.0,0.738513536408529,0.0,True
NOTCH4,0.0,0.7384672454649792,0.0,True
ISYNA1,0.0,0.738242992367883,0.0,True
PLA2G5,0.0,0.7362446299284925,0.0,True
IMMP2L,3.617689514378258e-123,0.7359633641043068,1.808844757189129e-119,True
PTPN14,0.0,0.7355261053435009,0.0,True
ZDHHC14,0.0,0.7349513376767038,0.0,True
MROH8,6.356778714206586e-14,0.7339893448694723,3.1783893571032933e-10,True
HSPH1,7.069071026464896e-86,0.7333894907950225,3.5345355132324483e-82,True
XIST,0.0,0.7333068770190312,0.0,True
ERI2,0.0,0.7328775308410205,0.0,True
SAMD4A,0.0,0.7328250647096806,0.0,True
AL356124.1,0.0,0.7325961484388178,0.0,True
PLXNA4,0.0,0.7325298873212699,0.0,True
PDE4B,0.0,0.7322880951210428,0.0,True
SELENOP,0.0,0.7311911418031999,0.0,True
NES,0.0,0.7302729613446657,0.0,True
HEY1,0.0,0.730168246825163,0.0,True
BMPER,0.0,0.7298541766594422,0.0,True
ANK2,1.4811161039945597e-79,0.7286890607992353,7.405580519972798e-76,True
APCDD1,0.0,0.7280170277399568,0.0,True
ANGPT2,2.2408744124308926e-291,0.7274541083869377,1.1204372062154463e-287,True
ERO1B,6.250585815482489e-78,0.7255537463910434,3.1252929077412442e-74,True
HIF1A-AS3,4.291548591767697e-56,0.7247868796383143,2.1457742958838488e-52,True
AC007389.1,1.7907320517332784e-55,0.7240458219755763,8.953660258666392e-52,True
KRT8,4.002258799112113e-165,0.722863233722736,2.0011293995560567e-161,True
PCDH17,0.0,0.7224150827008957,0.0,True
STON2,0.0,0.7217997815993582,0.0,True
SOX17,0.0,0.7200386974362083,0.0,True
GAS2L3,0.0,0.7198887956151082,0.0,True
LRRC4C,0.0,0.7176909611412392,0.0,True
CCND1,0.0,0.7163094784542288,0.0,True
ABI3BP,0.0,0.7158674910918186,0.0,True
GPC6,1.4297596488695252e-79,0.7157921734042594,7.148798244347625e-76,True
FMNL2,0.0,0.7137467581329591,0.0,True
STAB2,0.0,0.7130439610630401,0.0,True
MMP2,0.0,0.711911156937693,0.0,True
CACHD1,0.0,0.7107534966600122,0.0,True
ASPN,0.0,0.7100803172643462,0.0,True
HIVEP2,0.0,0.7094395214696398,0.0,True
LXN,0.0,0.7092983852526791,0.0,True
FAM43A,0.0,0.7086046096160641,0.0,True
IRF1,1.204631707457954e-275,0.7059077275671306,6.02315853728977e-272,True
ITM2C,0.0,0.70456844404224,0.0,True
HTRA1,0.0,0.7021781670711105,0.0,True
PHLDA1,0.0,0.7001521908137907,0.0,True
CXCL2,1.995122021277661e-106,0.6954012737913536,9.975610106388306e-103,True
EXOC6,0.0,0.6947178035812496,0.0,True
CD58,0.0,0.6931244958176197,0.0,True
ADM,0.0,0.6922035351539831,0.0,True
NPPA,3.0447577232433833e-116,0.6921649586769457,1.5223788616216916e-112,True
LMO2,0.0,0.6921111752126362,0.0,True
NEGR1,0.0,0.6914713924543154,0.0,True
SORBS1,0.0,0.6911819864194687,0.0,True
GPC3,3.0458599221046715e-11,0.6911587301214968,1.5229299610523358e-07,True
CRYBG3,0.0,0.6898054496875583,0.0,True
INTS6,8.868166679690275e-118,0.6886928731025768,4.434083339845138e-114,True
BGN,0.0,0.6884404277242271,0.0,True
CCN1,2.559183328588507e-235,0.6870913142910064,1.2795916642942535e-231,True
PIEZO2,0.0,0.68569996707531,0.0,True
PROCR,0.0,0.6853020254583662,0.0,True
SOX18,0.0,0.6850074828237649,0.0,True
TMEM108,0.0,0.6849290655200183,0.0,True
DGKE,0.0,0.6834985288167286,0.0,True
ANKRD37,3.6079443850950608e-230,0.6806080977492829,1.8039721925475303e-226,True
USP31,0.0,0.6796863658000252,0.0,True
RNF152,0.0,0.6795958286180264,0.0,True
NRG1,0.0,0.6791867898142577,0.0,True
NKAIN2,0.0,0.6789848240338483,0.0,True
CDC42EP3,2.779438119801989e-288,0.6778470342798607,1.3897190599009946e-284,True
CRYAB,2.843722849410513e-199,0.6773500838776578,1.4218614247052565e-195,True
CBLB,0.0,0.6764990952530859,0.0,True
CCDC85A,0.0,0.676126115022573,0.0,True
CLU,0.0,0.6759468096520725,0.0,True
LY6H,0.0,0.6758803987005548,0.0,True
MAP3K1,0.0,0.6757199848534954,0.0,True
SRPX,0.0,0.6748748733706089,0.0,True
CCDC88C,0.0,0.6737096154558466,0.0,True
ALPL,0.0,0.6729206383982362,0.0,True
TSC22D2,3.214004637140892e-207,0.6725867128811355,1.6070023185704458e-203,True
HMCN1,0.0,0.6723255150373645,0.0,True
TUBB3,0.0,0.6717393653836414,0.0,True
PRKCG,0.0,0.6712566728719155,0.0,True
SLC8A1,9.674752789039864e-219,0.671054818862234,4.837376394519932e-215,True
SORCS1,0.0,0.6709419949704993,0.0,True
ITPR2,0.0,0.6693394202740626,0.0,True
PLCB4,0.0,0.6692793394244997,0.0,True
VWA1,0.0,0.6687726073961597,0.0,True
FRY,1.0442044283222139e-206,0.6679175250629148,5.22102214161107e-203,True
GPR137C,5.426934733367556e-222,0.6676843290087384,2.713467366683778e-218,True
MAN1A1,0.0,0.6673236605891819,0.0,True
TLN2,1.8097895659694632e-106,0.6671742349099266,9.048947829847315e-103,True
TBCD,0.0,0.6670659132909833,0.0,True
ABCC4,0.0,0.665420457506203,0.0,True
PKNOX2,0.0,0.6608596533277069,0.0,True
IFI27,0.0,0.6606648029860274,0.0,True
JAG2,0.0,0.6587153979875313,0.0,True
PCDH12,0.0,0.6583391336279759,0.0,True
CADM3,1.921676376564413e-151,0.6577721295795227,9.608381882822065e-148,True
SNHG32,2.736788993149624e-282,0.6574098794433275,1.368394496574812e-278,True
LINC01695,0.0,0.6565854719859403,0.0,True
ATP11A,0.0,0.6564260899109496,0.0,True
FAT4,3.7225364521596844e-284,0.6555666536874631,1.8612682260798422e-280,True
TULP2,0.0,0.6549495013170578,0.0,True
ZFP36L2,0.0,0.6542300076421748,0.0,True
WWOX,4.787273992422345e-66,0.6534742218148044,2.3936369962111723e-62,True
MAFF,3.4145505432003073e-224,0.6525635473439304,1.7072752716001535e-220,True
CAVIN2,0.0,0.6513821544336902,0.0,True
BICC1,0.0,0.6503361540078241,0.0,True
MIR4458HG,4.510719452239862e-18,0.6501390274749854,2.2553597261199307e-14,True
SERTAD1,1.9505256491638252e-102,0.6496591546104591,9.752628245819126e-99,True
DCBLD1,0.0,0.6492600929580512,0.0,True
EDNRB,0.0,0.6487569522656063,0.0,True
CHST15,0.0,0.6463951527165269,0.0,True
PPARG,0.0,0.646089518650489,0.0,True
TSPAN2,0.0,0.64605541218644,0.0,True
DAPK1,0.0,0.6458167619616848,0.0,True
KIAA0319,0.0,0.6451593776216713,0.0,True
PRXL2A,0.0,0.6445354869260009,0.0,True
FOSB,1.1091768061899918e-276,0.6443486641862187,5.545884030949959e-273,True
GPIHBP1,0.0,0.6436567347995649,0.0,True
RNF144A,0.0,0.6434055813425037,0.0,True
SLC40A1,0.0,0.642579331356085,0.0,True
THY1,0.0,0.6419776803418464,0.0,True
SEC14L1,0.0,0.6402543502837936,0.0,True
FAM241A,9.258522798222864e-176,0.640064876843647,4.629261399111432e-172,True
PHLPP1,4.306096115838984e-236,0.6398179237908115,2.153048057919492e-232,True
SEMA6A,0.0,0.6398026025973798,0.0,True
H19,0.0,0.6396985370527226,0.0,True
H1-2,1.7739643722660638e-40,0.6393502818104242,8.869821861330319e-37,True
TMEM47,0.0,0.6393405456655914,0.0,True
KCNJ2,0.0,0.6392839607239306,0.0,True
SNHG18,0.0,0.6389376081834695,0.0,True
QSOX1,0.0,0.6381142345801043,0.0,True
CEMIP2,0.0,0.6380941631839308,0.0,True
DLL4,0.0,0.6372919519286437,0.0,True
TM4SF18,0.0,0.6368808457095052,0.0,True
CACNA1C,0.0,0.6359823511838539,0.0,True
NOX4,0.0,0.6358419665896999,0.0,True
SNX31,0.0,0.635819005360124,0.0,True
CHST1,0.0,0.6352104952079081,0.0,True
CA4,0.0,0.6347130311698939,0.0,True
ABLIM3,0.0,0.6323133977455055,0.0,True
DKK3,0.0,0.6321710946789736,0.0,True
ARMCX2,0.0,0.6319417570138788,0.0,True
TSPO,0.0,0.6312709552271425,0.0,True
HLX,0.0,0.6306892075686448,0.0,True
FAM124B,0.0,0.6302523015933199,0.0,True
NR4A2,1.8653312255330775e-157,0.6295868057184508,9.326656127665388e-154,True
BCAT1,0.0,0.6293785573954046,0.0,True
ARSJ,0.0,0.6291936472757486,0.0,True
TRMT9B,0.0,0.6290559027133026,0.0,True
SIK2,0.0,0.6277758160274063,0.0,True
SLC9C2,3.680970700035688e-239,0.6269068005482632,1.8404853500178442e-235,True
ST3GAL6,6.372008526498505e-204,0.6249727959323768,3.1860042632492523e-200,True
RANBP17,0.0,0.6236503070878697,0.0,True
CPE,0.0,0.6230373126100427,0.0,True
CA8,0.0,0.6228440385610398,0.0,True
CD109,0.0,0.6227967737570008,0.0,True
SH3PXD2B,0.0,0.6223494841687215,0.0,True
TSPAN5,0.0,0.6216082369578709,0.0,True
FHIT,0.0,0.6215921196221078,0.0,True
EPB41L3,9.910758979134141e-261,0.6213828986547917,4.9553794895670706e-257,True
LRIG3,0.0,0.6213456542116744,0.0,True
PIK3C2B,0.0,0.6206160991437362,0.0,True
LYPD2,0.0,0.6202479388854187,0.0,True
PDE7B,3.2299124276957234e-226,0.6200380253710331,1.6149562138478616e-222,True
EBF3,0.0,0.6187412891833461,0.0,True
PHLDB2,0.0,0.6182761860301363,0.0,True
CHSY3,0.0,0.6174219737560569,0.0,True
KRT18,0.0,0.617300142907403,0.0,True
RGS5,2.9107340907503504e-109,0.6157775956448892,1.4553670453751752e-105,True
SAMD5,9.546888808907477e-186,0.6157444195988742,4.773444404453738e-182,True
USP3-AS1,1.967757451308162e-185,0.6130553736942024,9.83878725654081e-182,True
TLL1,0.0,0.6125519446609995,0.0,True
PARD6G,0.0,0.6120545417330755,0.0,True
PLXNA2,0.0,0.611870530516667,0.0,True
NR5A2,0.0,0.6117332510598832,0.0,True
CLEC11A,0.0,0.6100487496792147,0.0,True
LIMD1,0.0,0.6095342707166402,0.0,True
SFRP1,0.0,0.6094695326390912,0.0,True
SMOC1,0.0,0.609466869001457,0.0,True
GLIS3,0.0,0.6078233128660961,0.0,True
APOA1,0.0,0.6075010708018015,0.0,True
UBR1,1.9622173933458207e-116,0.6072794934001445,9.811086966729104e-113,True
ST8SIA4,0.0,0.6069775516687712,0.0,True
NTNG1,0.0,0.6052674182600994,0.0,True
MMP16,2.239195814042697e-217,0.6032340477918711,1.1195979070213487e-213,True
SORBS2,2.2099999354552315e-143,0.6010942638063842,1.1049999677276157e-139,True
TPBG,0.0,0.6006781884748486,0.0,True
LINC02208,0.0,0.6001621773589638,0.0,True
SEMA5A,0.0,0.5999785261387989,0.0,True
DOCK5,0.0,0.5995040467441856,0.0,True
LGALS3,0.0,0.5994914692019352,0.0,True
ATF3,2.2382642470828836e-202,0.5992199458758593,1.1191321235414417e-198,True
AL390755.1,0.0,0.5984043131123832,0.0,True
RAPGEF4-AS1,2.903880316958116e-53,0.5983177586324051,1.451940158479058e-49,True
VSIR,0.0,0.5978880998147442,0.0,True
NTRK2,0.0,0.5971663573614377,0.0,True
CAMK1D,0.0,0.5957422240730269,0.0,True
GULP1,0.0,0.594991185869969,0.0,True
PRSS23,0.0,0.5943262156020985,0.0,True
CYTOR,3.6245020771781867e-212,0.5940790738605193,1.8122510385890934e-208,True
MAGI2,0.0,0.5938195030304471,0.0,True
NEBL,1.1193514600651117e-259,0.5925859672777201,5.596757300325558e-256,True
MGLL,0.0,0.591690404120789,0.0,True
TFPI2,6.4686973846594954e-167,0.5912482991681118,3.2343486923297475e-163,True
IL7,0.0,0.5911832305349374,0.0,True
NFKBIZ,0.0,0.59106873320079,0.0,True
GIPC2,9.606335415650775e-270,0.5907843856573944,4.8031677078253876e-266,True
FOSL2,4.049399101265778e-258,0.5896118337927656,2.024699550632889e-254,True
BMP2K,0.0,0.5892383233964887,0.0,True
CACYBP,1.0556085026056608e-45,0.5891879492653229,5.278042513028304e-42,True
ADCY4,0.0,0.5889467971615682,0.0,True
FLT4,0.0,0.5880196375786875,0.0,True
EIF2AK3,1.0087785299757336e-213,0.587383732909111,5.043892649878668e-210,True
SPECC1,0.0,0.5869021963240562,0.0,True
CPXM1,0.0,0.5868345168412856,0.0,True
MAF,0.0,0.5860917792010519,0.0,True
TMTC2,0.0,0.5860598965433695,0.0,True
ACTC1,2.7445099492464523e-146,0.5860095835854248,1.3722549746232262e-142,True
KANK1,0.0,0.585850483023174,0.0,True
NID2,0.0,0.5854921819018339,0.0,True
MID1,7.498787034622498e-35,0.5835871567408151,3.7493935173112487e-31,True
SOX6,0.0,0.5831207131721655,0.0,True
FADS3,0.0,0.582848057409995,0.0,True
SLC22A23,0.0,0.5826332702986994,0.0,True
GNAI1,0.0,0.5826202883469791,0.0,True
SSUH2,0.0,0.5824986298026117,0.0,True
FOXC1,0.0,0.581929345391386,0.0,True
C7,0.0,0.5815781201133531,0.0,True
RARB,2.562941445010833e-194,0.581420720191566,1.2814707225054166e-190,True
ALCAM,0.0,0.5813050183804953,0.0,True
TINAGL1,0.0,0.5810301936356177,0.0,True
PLSCR2,0.0,0.5794727724902582,0.0,True
KCNQ1OT1,1.2252777588741213e-141,0.5794493926624636,6.126388794370606e-138,True
HIC1,0.0,0.5793896098751368,0.0,True
CLVS1,0.0,0.5784827208248126,0.0,True
SERPINB9,6.691152272879988e-275,0.5777714060132713,3.3455761364399943e-271,True
TPM1,1.2393271359419862e-244,0.5769776094409718,6.196635679709931e-241,True
CLEC2B,0.0,0.5767170361630306,0.0,True
CPNE5,0.0,0.5765305596417913,0.0,True
OSBPL10,0.0,0.5759445418693969,0.0,True
WARS1,0.0,0.5758059505953735,0.0,True
RUNX1T1,1.5567859202973695e-175,0.5749354758575369,7.783929601486848e-172,True
NRARP,8.037781694702694e-170,0.5743598531999039,4.018890847351347e-166,True
KLF12,8.142145766780395e-162,0.5741239400958638,4.071072883390197e-158,True
PLCG2,0.0,0.5738374028008342,0.0,True
CTSK,0.0,0.5724284954611495,0.0,True
AL118558.1,0.0,0.5718283434005604,0.0,True
ABCA1,5.702246826078665e-88,0.5711352829632841,2.8511234130393326e-84,True
MYRIP,0.0,0.5710239345684067,0.0,True
ACER2,3.8656701846397184e-139,0.5708980705562184,1.932835092319859e-135,True
SLC22A4,1.7375774022635652e-61,0.5694524013607347,8.687887011317826e-58,True
C2orf88,0.0,0.566425225716705,0.0,True
IL33,0.0,0.5663463373029077,0.0,True
TBC1D4,0.0,0.5659572322529817,0.0,True
APOLD1,0.0,0.565124618523152,0.0,True
NUP210L,0.0,0.5647754852482976,0.0,True
TAFA2,0.0,0.5641252827343749,0.0,True
KPNA2,2.5665390113905726e-30,0.5626799109967462,1.2832695056952863e-26,True
H2AW,8.079906298121238e-154,0.5625131011173677,4.0399531490606187e-150,True
RIN3,0.0,0.5622316491526467,0.0,True
HOTAIRM1,1.3379055741186295e-144,0.5615555999056572,6.689527870593147e-141,True
MASP1,0.0,0.561459170747762,0.0,True
LMCD1-AS1,1.2939467566980915e-205,0.5614384344589379,6.469733783490458e-202,True
AL031428.1,2.9844600692997022e-183,0.5604964746633032,1.492230034649851e-179,True
ARHGAP6,1.7049348998632755e-252,0.5598873678450667,8.524674499316377e-249,True
FAM107B,1.207844972279291e-171,0.5595809635962353,6.039224861396455e-168,True
DEPP1,0.0,0.5593147155524684,0.0,True
TSHZ3,5.181612989408243e-64,0.5590855295744253,2.5908064947041216e-60,True
SLC44A5,0.0,0.5583626453251757,0.0,True
MANBA,0.0,0.5583509757199445,0.0,True
PTGFRN,0.0,0.5579167432072243,0.0,True
PLOD2,1.335350919545518e-71,0.5577399705712549,6.676754597727589e-68,True
ZFAND2A,3.1752634307885943e-75,0.5577368210118547,1.587631715394297e-71,True
ITPKB,0.0,0.5571066841764002,0.0,True
GADD45B,7.902632914652237e-111,0.5570149907955848,3.951316457326119e-107,True
CACNG7,0.0,0.5549484971553421,0.0,True
GFOD1,0.0,0.5545761990711938,0.0,True
PPP1R15A,3.1189129239479313e-119,0.554533590186989,1.5594564619739657e-115,True
POLG2,1.5883163665521825e-280,0.5543498844560059,7.941581832760912e-277,True
GNG12,0.0,0.5537662593322051,0.0,True
MIR4435-2HG,6.442758513126361e-236,0.5537547815508936,3.221379256563181e-232,True
RNF144B,0.0,0.5536227806101374,0.0,True
PPM1H,4.547087536271224e-236,0.5535652280963697,2.273543768135612e-232,True
HBEGF,5.00186296608469e-249,0.5531214227337223,2.5009314830423446e-245,True
NTN1,0.0,0.5519079266239245,0.0,True
PKHD1L1,0.0,0.5517080385657622,0.0,True
TRIM69,0.0,0.5516074081666376,0.0,True
RAMP3,0.0,0.5512619826691963,0.0,True
HMGB2,8.54189962214232e-86,0.5503200900865035,4.27094981107116e-82,True
AC119673.2,0.0,0.5501243001002845,0.0,True
BST2,0.0,0.5501002234633152,0.0,True
CASP4LP,0.0,0.5498536045326898,0.0,True
PRKY,0.0,0.5496731616231553,0.0,True
DCN,3.9667369765467894e-52,0.5489783179031199,1.9833684882733947e-48,True
KLHL5,0.0,0.5487833592713343,0.0,True
WIPF3,1.2463531522981984e-79,0.548176504143338,6.231765761490992e-76,True
LDLR,7.407219137066168e-234,0.5478359904430635,3.7036095685330843e-230,True
SEMA4A,0.0,0.5477579060481719,0.0,True
NAV2,1.0400711605717451e-50,0.5469599608771971,5.200355802858726e-47,True
BACH2,2.7921470414024836e-164,0.5458500633256171,1.3960735207012417e-160,True
MYO1D,2.20467652422275e-279,0.5456262672183629,1.1023382621113749e-275,True
SH3RF3,0.0,0.5445615538713987,0.0,True
IRF1-AS1,5.255335740781518e-249,0.5441673370009261,2.627667870390759e-245,True
ADAMTSL3,0.0,0.5429195495309056,0.0,True
RASSF9,2.892423489293106e-275,0.5429134993281723,1.446211744646553e-271,True
PLCD1,0.0,0.5424816750063121,0.0,True
ADORA2A,0.0,0.5423305623015294,0.0,True
TNFSF10,0.0,0.5418307179576642,0.0,True
ENTPD1,1.7821378341501199e-186,0.5414030397530183,8.9106891707506e-183,True
PPP1R16B,0.0,0.5413370837174221,0.0,True
EEPD1,0.0,0.5409760627768996,0.0,True
COTL1,1.1732510217225603e-277,0.5407592646131043,5.866255108612802e-274,True
ZBTB16,2.645245091154924e-63,0.540725561064878,1.322622545577462e-59,True
PCBD1,0.0,0.540451691783934,0.0,True
CYP1B1-AS1,1.763480386679193e-113,0.5400545814785713,8.817401933395965e-110,True
STK38L,0.0,0.5399202446018212,0.0,True
PHACTR1,0.0,0.5395771633841391,0.0,True
CDK1,1.0795291511166234e-95,0.5395509661461119,5.397645755583117e-92,True
ADARB1,0.0,0.5366258337846794,0.0,True
PRDM16,0.0,0.5364769103642691,0.0,True
CYP1B1,0.0,0.5360899898923591,0.0,True
DAB1,3.9436250373231534e-15,0.5356973575135081,1.9718125186615766e-11,True
KCNMA1,8.027028152055136e-116,0.53563162915749,4.013514076027568e-112,True
AC011043.1,1.9606712391820236e-28,0.5355385265974751,9.803356195910119e-25,True
ENPP1,0.0,0.5350774795010409,0.0,True
ARL4D,0.0,0.5349001870756013,0.0,True
AL049779.4,2.63990354050164e-116,0.5347768298334838,1.31995177025082e-112,True
AC092691.1,0.0,0.5338007084744751,0.0,True
SNTG2,0.0,0.5335760117093449,0.0,True
HES4,0.0,0.5334781491777021,0.0,True
NLK,0.0,0.532761862245001,0.0,True
MIR222HG,3.020825480926525e-163,0.5326632964187945,1.5104127404632625e-159,True
TNNC1,5.730173975247148e-125,0.5318412885263918,2.8650869876235737e-121,True
AC010737.1,1.2411852811789772e-127,0.5312733050634529,6.205926405894886e-124,True
GMFG,0.0,0.5312656206290427,0.0,True
MYL9,2.8463805680603383e-136,0.5311289343794495,1.423190284030169e-132,True
AC002070.1,0.0,0.5296381880221152,0.0,True
PIM3,0.0,0.529396373254575,0.0,True
KCNB2,0.0,0.529179499919141,0.0,True
ATP8A1,1.7967331331086447e-217,0.528803448198202,8.983665665543223e-214,True
BAALC,0.0,0.5277361571048362,0.0,True
SNCAIP,0.0,0.5273219833313904,0.0,True
HES1,2.557053588502404e-99,0.527305181319845,1.278526794251202e-95,True
PTP4A3,9.243757562510768e-140,0.527178822348751,4.621878781255384e-136,True
COL25A1,0.0,0.527109484040374,0.0,True
AMD1,0.0,0.5266656768345381,0.0,True
EGLN3,0.0,0.5245271551802938,0.0,True
DDIT4,3.5248220646182036e-39,0.5242865126192229,1.7624110323091019e-35,True
CD200,0.0,0.524206750393803,0.0,True
LAPTM5,0.0,0.5241256771692722,0.0,True
SEPTIN6,0.0,0.524015199150473,0.0,True
INSIG1,2.668505379616058e-187,0.5239385566788678,1.334252689808029e-183,True
SGK1,0.0,0.5228217740760585,0.0,True
PTPRK,4.584775200395081e-165,0.5218991929667501,2.292387600197541e-161,True
CDH2,4.624824149860225e-66,0.5210285456499361,2.3124120749301126e-62,True
SESN3,0.0,0.5206703045484637,0.0,True
PCSK6,0.0,0.5205838508416958,0.0,True
RFLNB,0.0,0.5204838203529568,0.0,True
PTGIS,0.0,0.5201711831863938,0.0,True
EDIL3,0.0,0.5201130443533668,0.0,True
GADD45A,7.399935365484151e-75,0.5199813383100862,3.699967682742075e-71,True
DOCK8,0.0,0.5190121513111714,0.0,True
AC006460.2,0.0,0.5187770045927856,0.0,True
TMEM233,0.0,0.5186525023030377,0.0,True
MIR181A1HG,5.497874322274211e-198,0.5183956346857774,2.748937161137106e-194,True
ADGRL3,0.0,0.5179980678654657,0.0,True
AC017002.2,2.6694362164459825e-101,0.5178410332641085,1.3347181082229912e-97,True
ELL2,1.492758847159794e-142,0.517193321323613,7.46379423579897e-139,True
JPT1,4.3949066237732704e-125,0.5171020289007641,2.1974533118866354e-121,True
LPCAT2,0.0,0.516841154206077,0.0,True
AC007319.1,1.4036761132829564e-267,0.516831835522704,7.018380566414782e-264,True
DIAPH3,1.1307812458502793e-80,0.5166936702271443,5.653906229251397e-77,True
TRIM16,0.0,0.5166871573347195,0.0,True
SEMA3G,0.0,0.5161491503989541,0.0,True
AC005699.1,8.056882955987706e-34,0.5160096629893516,4.028441477993853e-30,True
SPRED2,0.0,0.5149612881835838,0.0,True
QRFPR,0.0,0.5146561442692682,0.0,True
LINC01876,2.308978062292898e-56,0.5137977260874927,1.1544890311464489e-52,True
AC020651.2,0.0,0.5137883837909736,0.0,True
ROBO4,0.0,0.5131562042350146,0.0,True
MPPED2,0.0,0.5126930452772682,0.0,True
MCF2L,0.0,0.5126905284016634,0.0,True
ANGPTL4,1.81890419923366e-107,0.5125029532952046,9.0945209961683e-104,True
CLIC2,1.1339259592943e-205,0.5111130836439903,5.6696297964715e-202,True
NPAS3,0.0,0.5107121373829191,0.0,True
KCNMB2,0.0,0.5100765482269259,0.0,True
ADAMTS1,3.415410594492378e-183,0.5091241610848817,1.707705297246189e-179,True
CCSER1,0.0,0.5091009037256276,0.0,True
GBE1,9.381592666458541e-109,0.5085684614602527,4.690796333229271e-105,True
SNTB1,0.0,0.5077725329598314,0.0,True
WNT2,0.0,0.5076341636796068,0.0,True
MET,0.0,0.5072494721363867,0.0,True
IER5,3.030940263378856e-92,0.5064209373698423,1.515470131689428e-88,True
FUT8,0.0,0.5057754941878457,0.0,True
IL11RA,0.0,0.5056559888062844,0.0,True
SLC9A9,0.0,0.5042837703599443,0.0,True
CMTM8,6.1185928319073e-208,0.5030802061781177,3.0592964159536497e-204,True
SPRY4,0.0,0.5030713098348798,0.0,True
AL133346.1,4.73497300080526e-54,0.5026194415531025,2.36748650040263e-50,True
SCN9A,4.434525357922471e-136,0.502338730629194,2.2172626789612355e-132,True
ITGA1,7.7885556761873e-210,0.5022095518669378,3.8942778380936497e-206,True
SDC2,1.7124710294450575e-251,0.5013934546578372,8.562355147225287e-248,True
PALLD,0.0,0.5013505735469135,0.0,True
REEP1,0.0,0.5013157261880894,0.0,True
H2AJ,0.0,0.5006358114924653,0.0,True
TBX1,0.0,0.49972035716234753,0.0,True
FGF12,0.0,0.49910090100042176,0.0,True
SULF2,0.0,0.49872672580846866,0.0,True
APLN,0.0,0.4981965999008479,0.0,True
SLC38A1,0.0,0.4980258719554889,0.0,True
C2CD4B,4.9209476973103135e-88,0.49790664654875005,2.4604738486551566e-84,True
DNM3,0.0,0.49735756090840066,0.0,True
NUAK1,0.0,0.4972729342632287,0.0,True
LINC02296,0.0,0.49704735037555087,0.0,True
FGF13,0.0,0.4968035477660575,0.0,True
AC087633.2,2.7009076447864664e-45,0.4967660072958053,1.3504538223932332e-41,True
PTX3,0.0,0.49672778775658316,0.0,True
BAG3,1.6010099679412627e-110,0.49649477016887067,8.005049839706314e-107,True
SLC10A1,0.0,0.4964224885037722,0.0,True
AC083864.5,0.0,0.4953191618709241,0.0,True
FAM110B,0.0,0.4950731038860985,0.0,True
C5orf17,7.656610312978218e-15,0.49452561988177657,3.8283051564891094e-11,True
LINC01515,8.760396121490925e-195,0.49438510907406563,4.380198060745463e-191,True
SLC6A4,0.0,0.4943575424952839,0.0,True
ROBO2,6.922015340326209e-200,0.4937504916196019,3.4610076701631045e-196,True
ITGA2,1.512469759722854e-277,0.4933186462863811,7.562348798614269e-274,True
SLC45A4,0.0,0.4924156616047757,0.0,True
MRAP2,0.0,0.49201697475816103,0.0,True
USP45,5.76633007232854e-38,0.49199877343488907,2.88316503616427e-34,True
P3H2,1.1858990773111947e-85,0.491900521798653,5.929495386555974e-82,True
ITGAM,0.0,0.4917426252541791,0.0,True
XKR6,1.6543096855033432e-264,0.4914607682559308,8.271548427516716e-261,True
LRIG1,0.0,0.4910751065847961,0.0,True
HDX,3.7096471342320364e-62,0.49037022874038816,1.8548235671160182e-58,True
DLGAP1,0.0,0.4902218683710656,0.0,True
PLCXD3,6.759730077029164e-201,0.48917574337228736,3.379865038514582e-197,True
KCTD1,3.995614912642975e-22,0.4889277206289664,1.9978074563214874e-18,True
SETBP1,0.0,0.4879255155941431,0.0,True
KLHL23,0.0,0.48739896771507435,0.0,True
PALMD,0.0,0.4873418128716318,0.0,True
RBKS,5.536254280802474e-108,0.4872676455746747,2.7681271404012372e-104,True
CDK14,2.6987257580113444e-265,0.4865999147066123,1.3493628790056723e-261,True
OCIAD2,0.0,0.4852320737261927,0.0,True
TOP2A,1.4855595927321595e-122,0.48469751589151644,7.427797963660798e-119,True
SOD2,1.5254031263297882e-116,0.4830915307429971,7.627015631648941e-113,True
TOX2,0.0,0.4829453452179197,0.0,True
HEY2,0.0,0.4829186658832714,0.0,True
COL8A1,0.0,0.4821812695646015,0.0,True
HOMER1,1.0759492387389192e-138,0.4816997703584192,5.3797461936945963e-135,True
PLCL2,6.888654987639757e-289,0.48153910746224127,3.4443274938198785e-285,True
IGF1R,0.0,0.4811456415596103,0.0,True
SFRP5,5.250695243830996e-296,0.48099217699443897,2.625347621915498e-292,True
NFKBIA,3.482120666449515e-111,0.480860413674299,1.7410603332247573e-107,True
AC119674.2,6.648227562999641e-193,0.48071370622930615,3.3241137814998206e-189,True
CYP26B1,0.0,0.4806225928003639,0.0,True
ST7,0.0,0.48049576128803984,0.0,True
RNF220,0.0,0.48032333699363067,0.0,True
CKB,6.978410337911015e-274,0.48021072084669214,3.489205168955508e-270,True
TMEM106C,6.1126539187102705e-155,0.4801933425523976,3.056326959355135e-151,True
NUPR1,0.0,0.47992330140280937,0.0,True
ZEB2,0.0,0.47780297557117446,0.0,True
DAPK2,0.0,0.4772086499625938,0.0,True
CCNA2,6.041501212888471e-81,0.4770836356870634,3.0207506064442355e-77,True
ADAMTSL1,0.0,0.47701769751017353,0.0,True
PSD3,1.4038666330637527e-221,0.4769582255234394,7.019333165318763e-218,True
ST8SIA1,0.0,0.47680721714106145,0.0,True
OIT3,0.0,0.4765850848736548,0.0,True
SNAI2,3.039304993585645e-98,0.4762343259885753,1.5196524967928224e-94,True
MSX1,5.411496604065013e-285,0.47554759289305326,2.7057483020325065e-281,True
NFKB1,6.360543472727328e-170,0.4752680948652358,3.180271736363664e-166,True
ABCA8,0.0,0.47370446174382863,0.0,True
TMC1,0.0,0.4720224256233762,0.0,True
TNFRSF21,1.1757806694632953e-195,0.4717437015783794,5.8789033473164765e-192,True
UBE2S,2.5243140022349053e-46,0.4715292048836508,1.2621570011174527e-42,True
GIMAP4,0.0,0.471141036651738,0.0,True
PCLO,0.0,0.4707971944823035,0.0,True
WNT2B,0.0,0.4707154733139049,0.0,True
MLF1,2.913305901630465e-55,0.4704233508598856,1.4566529508152325e-51,True
KLHL4,0.0,0.4700994633302815,0.0,True
TNS1,0.0,0.4700258308998569,0.0,True
AC008014.1,5.835157847898651e-46,0.46945991323970915,2.9175789239493255e-42,True
TMEM132D,0.0,0.469047039361829,0.0,True
HDAC9,0.0,0.468925434380847,0.0,True
ANXA3,0.0,0.46747970038372694,0.0,True
LINC00960,4.585012897859438e-51,0.46699903186239083,2.292506448929719e-47,True
PLA2G4C,6.40348606384255e-265,0.4669638603344426,3.2017430319212752e-261,True
EBF2,3.355933992065677e-26,0.46671133849273366,1.6779669960328386e-22,True
PPP1R9A,0.0,0.4662898698739136,0.0,True
MYL3,8.387198076914221e-112,0.4661074234251228,4.19359903845711e-108,True
FAM13C,5.745215435438472e-154,0.4659931285930072,2.8726077177192357e-150,True
THSD1,0.0,0.46502341431133337,0.0,True
CELF2,1.3599272504392202e-98,0.4647028154048542,6.799636252196101e-95,True
UNC5C,0.0,0.4643394089011075,0.0,True
SNCA,0.0,0.4643046248480036,0.0,True
MAMLD1,0.0,0.4640572216500193,0.0,True
PIK3R6,0.0,0.4638241946266481,0.0,True
RASGEF1B,0.0,0.4637751412848722,0.0,True
TNFRSF4,0.0,0.46334913602020006,0.0,True
AC078923.1,0.0,0.462556163836247,0.0,True
PLTP,0.0,0.46183599415445215,0.0,True
EIF4EBP1,3.728981639152709e-237,0.4610596223591502,1.8644908195763545e-233,True
RALYL,0.0,0.46094637408032463,0.0,True
EGFLAM,0.0,0.4605548759082869,0.0,True
MEGF9,4.017729204206048e-194,0.4601213052709153,2.008864602103024e-190,True
NLGN4Y,0.0,0.4596845315724383,0.0,True
SMTNL2,0.0,0.45914587350425207,0.0,True
ADAMTS6,0.0,0.4590025748227789,0.0,True
CYTH1,0.0,0.4571336852018094,0.0,True
IL1RAPL1,0.0,0.456446334197676,0.0,True
UBE2C,5.040199946248529e-109,0.4563027303567778,2.5200999731242643e-105,True
ST6GAL1,0.0,0.456086374902973,0.0,True
APOD,0.0,0.45541861627442026,0.0,True
PVT1,0.0,0.4552170023840476,0.0,True
ANKH,3.6329389971593204e-125,0.45498117654328646,1.8164694985796602e-121,True
STXBP6,8.018093959087968e-279,0.45492367803150663,4.009046979543984e-275,True
CDK19,1.0472983570617738e-234,0.45412753835929376,5.236491785308869e-231,True
MERTK,0.0,0.45342290320018314,0.0,True
CD44,0.0,0.45334704036909346,0.0,True
BASP1,2.7623592961233996e-156,0.4532147260378182,1.3811796480616999e-152,True
PRDM1,0.0,0.45312936267672227,0.0,True
MADCAM1,0.0,0.45297195581515487,0.0,True
MEOX1,0.0,0.4527769497119574,0.0,True
HSPB7,1.0537899070750118e-49,0.45261254940257434,5.268949535375059e-46,True
KCNK6,0.0,0.4508907701920069,0.0,True
PRKAG2,0.0,0.45044362095924106,0.0,True
SPHK1,0.0,0.4503324587386264,0.0,True
SELL,0.0,0.4499150291153449,0.0,True
EML1,0.0,0.4494637897750627,0.0,True
TBX20,0.0,0.44871187652448224,0.0,True
MRC2,0.0,0.4485916966307364,0.0,True
FBLIM1,0.0,0.448545558110917,0.0,True
MXRA5,0.0,0.44836274534343973,0.0,True
CEBPD,0.0,0.4476892182027751,0.0,True
CRACD,2.9731503940375924e-243,0.4476738007640274,1.4865751970187962e-239,True
AHI1,6.754670210611247e-123,0.4472309280505162,3.3773351053056233e-119,True
AC004448.2,3.254320513363971e-13,0.44693669143254083,1.6271602566819855e-09,True
RCSD1,0.0,0.44682383017007216,0.0,True
CLIP2,1.0575816612483328e-112,0.4465143355364162,5.287908306241664e-109,True
CRIP1,4.5510945980365344e-189,0.44648162760383714,2.2755472990182672e-185,True
PLEKHA6,1.834282086693821e-238,0.4462786383568779,9.171410433469106e-235,True
NFATC2,6.247874595612068e-196,0.4458458600313148,3.123937297806034e-192,True
APCDD1L,4.920414761436563e-270,0.4452426468857482,2.4602073807182814e-266,True
AC013652.1,2.2133773931107324e-14,0.4452028833280676,1.1066886965553662e-10,True
SCARA3,0.0,0.4448032157466361,0.0,True
ITGA10,2.153571445523646e-195,0.44469066480577235,1.076785722761823e-191,True
PSAT1,4.080888943844763e-160,0.44444865328051797,2.0404444719223815e-156,True
SDK1,0.0,0.44429863868778774,0.0,True
GRPEL2,1.3505959325254915e-262,0.444047466372833,6.752979662627458e-259,True
SERPING1,0.0,0.44387517535208043,0.0,True
PWWP3B,1.26048432084287e-230,0.4437534361935077,6.30242160421435e-227,True
UBA6-AS1,4.643729905523164e-125,0.4420473791131905,2.321864952761582e-121,True
RASSF8,0.0,0.4419326244399033,0.0,True
SKAP2,2.525438742001559e-226,0.44161539982267073,1.2627193710007795e-222,True
OLFML3,0.0,0.4414201670818621,0.0,True
AL353588.1,0.0,0.4413575138594974,0.0,True
SLC6A8,1.435104630420738e-50,0.44133631458684586,7.17552315210369e-47,True
FAM189A2,0.0,0.44126659667135915,0.0,True
ATF7IP2,1.64330834394101e-112,0.44102588210880456,8.21654171970505e-109,True
ECRG4,0.0,0.4402886547723182,0.0,True
CNTNAP3B,0.0,0.44018795692956714,0.0,True
TNNI1,2.1148103034208086e-84,0.4391314440945488,1.0574051517104043e-80,True
FOXP2,0.0,0.43799470165572474,0.0,True
AC083837.1,0.0,0.4377916737911937,0.0,True
NET1,0.0,0.4363192998331252,0.0,True
SQLE,2.4571564353664532e-206,0.4359416085740616,1.2285782176832266e-202,True
KIF26B,0.0,0.43566476347187466,0.0,True
BMPR1B,0.0,0.43520063855003444,0.0,True
RAB11FIP1,0.0,0.43515808932147115,0.0,True
CYRIA,0.0,0.43509636209482166,0.0,True
LITAF,0.0,0.4343399577538121,0.0,True
AL008633.1,1.3927147581368211e-99,0.4340008460907302,6.963573790684106e-96,True
BAMBI,0.0,0.4337486610929057,0.0,True
SLC6A6,0.0,0.43373513575130174,0.0,True
NR2F1-AS1,0.0,0.4330105629430942,0.0,True
PRICKLE1,1.5494442312596307e-49,0.4329415346890212,7.747221156298153e-46,True
PLCE1,0.0,0.4326622951691646,0.0,True
AIF1,1.2189136932013808e-88,0.43234562354394135,6.094568466006904e-85,True
CCDC3,0.0,0.4318664144952846,0.0,True
USP9Y,3.5881942754362614e-212,0.4315227327544651,1.7940971377181307e-208,True
DLG2,2.2283054958822726e-74,0.43091314166115013,1.1141527479411364e-70,True
ENAH,0.0,0.43085022310157783,0.0,True
PTPRS,0.0,0.43056147460689537,0.0,True
CXADR,0.0,0.4304977077609817,0.0,True
MMP28,0.0,0.43044494716480275,0.0,True
TIAM2,4.273461408759895e-281,0.4300199608218842,2.1367307043799473e-277,True
OSBPL1A,0.0,0.42996851039566075,0.0,True
ZSWIM4,2.5960420527773357e-199,0.42996590784150485,1.2980210263886678e-195,True
ZNF704,0.0,0.4295885905113789,0.0,True
DOK5,0.0,0.42952340160038377,0.0,True
SOX13,0.0,0.4291651391202723,0.0,True
CNTN6,0.0,0.4290488927944874,0.0,True
PTTG1,4.922742130781171e-69,0.428270929017981,2.4613710653905853e-65,True
TBX3,0.0,0.4279474848440471,0.0,True
THSD4,0.0,0.4279295165795774,0.0,True
HAS2-AS1,1.7236414753430514e-258,0.4278372043437794,8.618207376715257e-255,True
HAND2,0.0,0.42714454838631444,0.0,True
COL4A5,0.0,0.42695222624797435,0.0,True
AC104041.1,1.0836871719508432e-14,0.42596046977801827,5.418435859754216e-11,True
MFAP4,0.0,0.425646059300848,0.0,True
SLC4A7,2.7310717146537464e-145,0.42551533192096036,1.3655358573268733e-141,True
P3H4,1.0921972474398528e-188,0.42545974567935607,5.4609862371992643e-185,True
AL136531.2,0.0,0.4249713261029803,0.0,True
LINC01320,0.0,0.4244233308753288,0.0,True
AC007991.3,3.6140589067765274e-31,0.4241216860825904,1.8070294533882636e-27,True
SEMA6B,0.0,0.4239070832191992,0.0,True
PPARD,4.425048684394192e-167,0.42383570438133206,2.2125243421970962e-163,True
DHRS3,4.885542088228474e-215,0.4237744296659441,2.4427710441142373e-211,True
GPRIN3,0.0,0.42357724950427306,0.0,True
SLC2A1,3.9577295632832916e-77,0.4234520490134504,1.978864781641646e-73,True
KAZN,1.866159568909946e-67,0.423368252693888,9.33079784454973e-64,True
MYL4,1.5697846580051927e-115,0.4233489995456656,7.848923290025964e-112,True
NHSL2,0.0,0.4230338333677327,0.0,True
IER5L,1.1441667807930488e-118,0.4228010562369855,5.720833903965244e-115,True
WT1,0.0,0.421929689896536,0.0,True
ZNF433-AS1,6.097054806107318e-71,0.4215302293217887,3.048527403053659e-67,True
MSRB3,6.198503988336623e-217,0.4213690673339531,3.099251994168312e-213,True
CTSV,0.0,0.42123493384784544,0.0,True
INPP5D,0.0,0.4208413872803673,0.0,True
ADAMTS12,0.0,0.4203218246768163,0.0,True
GATA6,0.0,0.4198002438780192,0.0,True
RNLS,7.147819692328653e-133,0.4194314876563132,3.573909846164327e-129,True
AC021088.1,9.782261572948319e-213,0.41937011263326235,4.89113078647416e-209,True
H1-3,1.082672762735273e-30,0.41897721638564833,5.413363813676365e-27,True
FAM13A,6.20051166052445e-74,0.4189433422046741,3.100255830262225e-70,True
NOSTRIN,0.0,0.4187909095835392,0.0,True
NDP,0.0,0.41865709496561654,0.0,True
SMIM3,0.0,0.4185382653729037,0.0,True
AC020916.1,1.1292268232669848e-138,0.4184136803881785,5.646134116334924e-135,True
H2AX,1.1183035334652095e-36,0.4182057614468478,5.591517667326047e-33,True
LINC02718,0.0,0.41811874925418935,0.0,True
HMGA2,2.0608984298584016e-134,0.4142779350882091,1.0304492149292008e-130,True
BMPR1A,0.0,0.4142549263693448,0.0,True
MAP3K5,7.515242047031851e-104,0.4135874810435954,3.7576210235159255e-100,True
TMEM45A,9.826762995712951e-250,0.41356444649714785,4.913381497856475e-246,True
SLIT2,5.853543341516063e-190,0.41339568037879304,2.9267716707580313e-186,True
H4C3,2.769610270584856e-36,0.41315217205847077,1.384805135292428e-32,True
BMX,0.0,0.41237310903047675,0.0,True
AC104389.6,5.9402282014409835e-33,0.4120522439093949,2.9701141007204915e-29,True
EMC1-AS1,1.0312992549753363e-13,0.41197744720329577,5.156496274876682e-10,True
LRRC77P,0.0,0.41184236577038413,0.0,True
AGBL3,2.5317838039988732e-104,0.4115099649935617,1.2658919019994365e-100,True
CPEB4,1.7155312834411996e-102,0.4111698352033736,8.577656417205997e-99,True
AC092422.1,2.0035071316020495e-36,0.41112144358794966,1.0017535658010247e-32,True
SERPINE1,2.8404312918465064e-234,0.4098123584031427,1.4202156459232532e-230,True
MYL2,6.167544198472261e-64,0.40941077708999174,3.0837720992361307e-60,True
LIMS2,0.0,0.40891302013816194,0.0,True
PAK3,0.0,0.4084917849677212,0.0,True
KIF5C-AS1,3.160074183389414e-172,0.40748025659249326,1.580037091694707e-168,True
DCLK2,0.0,0.40709335672350444,0.0,True
KCNQ3,5.462740914543948e-229,0.406849561191441,2.731370457271974e-225,True
MRC1,0.0,0.4068237736293493,0.0,True
XYLT1,0.0,0.4067857571945847,0.0,True
F5,0.0,0.40619868109210794,0.0,True
PRICKLE2,1.5904375812217948e-204,0.4061857467208811,7.952187906108974e-201,True
HS3ST1,0.0,0.4048832384606613,0.0,True
EPS8L1,1.8152161522065827e-46,0.40449859688015977,9.076080761032914e-43,True
PDPN,0.0,0.4043389785298395,0.0,True
ODC1,6.738476356340286e-243,0.40365910309621844,3.3692381781701427e-239,True
MATN2,0.0,0.40345928433302114,0.0,True
RRM2,1.9378071877847087e-52,0.4028044961603589,9.689035938923543e-49,True
LINC00513,4.809509797906838e-153,0.4018976883188486,2.404754898953419e-149,True
DTNA,0.0,0.40059121325521163,0.0,True
BMS1P10,1.4033441678908626e-220,0.3992507837784843,7.016720839454313e-217,True
TNS3,0.0,0.3983610729323926,0.0,True
ADGRB3,2.1493566154232314e-151,0.3981495704108021,1.0746783077116157e-147,True
CAP2,2.3710480383157617e-48,0.3978221586601875,1.1855240191578809e-44,True
CENPF,3.4008888168099007e-107,0.3976047736993078,1.7004444084049504e-103,True
ERRFI1,4.804233245149641e-101,0.39739846711870325,2.40211662257482e-97,True
CNTN4,0.0,0.39709744411345954,0.0,True
BEX1,0.0,0.39682264989702315,0.0,True
ENC1,1.2472364912559148e-188,0.3967972307733437,6.236182456279574e-185,True
AC008514.1,0.0,0.39587712524602664,0.0,True
UTY,0.0,0.39493189245239135,0.0,True
CCDC91,1.1896284203473692e-61,0.3945691570571637,5.948142101736846e-58,True
MRTFB,2.2121830908050706e-149,0.3931927162985378,1.1060915454025352e-145,True
QPCT,0.0,0.39304935717841205,0.0,True
TMEM132C,0.0,0.3917815775716529,0.0,True
TACC3,2.5001277471342226e-32,0.39061319399744787,1.2500638735671113e-28,True
ODF3B,9.547310781073481e-163,0.39042406355197656,4.77365539053674e-159,True
H1-5,1.3596710265734484e-32,0.39032355217767656,6.798355132867241e-29,True
TENM2,3.870858974354128e-151,0.3901950628561699,1.935429487177064e-147,True
TGFBR3,0.0,0.3901380393445877,0.0,True
PIK3R3,0.0,0.38987213285259736,0.0,True
DNAH12,0.0,0.38981014579346723,0.0,True
SMAD9,5.408591837974201e-156,0.3893349334162227,2.7042959189871006e-152,True
NCALD,0.0,0.3889128005082669,0.0,True
CSRP2,6.094361421748743e-81,0.3885488889522361,3.0471807108743713e-77,True
IQGAP2,1.9068045304981325e-182,0.3883068784188051,9.534022652490663e-179,True
EFEMP1,4.1043001322828185e-234,0.38809755158073206,2.0521500661414092e-230,True
SP6,0.0,0.387020771631533,0.0,True
TMED3,0.0,0.38693110640801187,0.0,True
SCD5,8.566093114212289e-96,0.38661058871420995,4.283046557106144e-92,True
RND3,2.232898827724459e-103,0.38593183268808584,1.1164494138622293e-99,True
HBE1,4.105408085693776e-58,0.38478201490368047,2.052704042846888e-54,True
ABHD3,3.351145392808075e-74,0.3846884274208157,1.6755726964040375e-70,True
CHRM3,0.0,0.3842555922598936,0.0,True
PLB1,0.0,0.3842333215068746,0.0,True
GPC5,1.1149502994288102e-38,0.3836626559780483,5.574751497144051e-35,True
MYOF,1.6643963189757408e-240,0.3834465718855036,8.321981594878704e-237,True
FOXM1,1.3102171731692679e-51,0.3830627950396451,6.551085865846339e-48,True
DGKI,6.834111155931655e-252,0.3827155050006962,3.4170555779658272e-248,True
GNA14,0.0,0.38156297335157496,0.0,True
PITPNM2,0.0,0.3809481283357258,0.0,True
PTGS2,0.0,0.3807531381621355,0.0,True
IGF1,0.0,0.3805967651737657,0.0,True
SH3BGR,5.697538559283087e-13,0.3804577508947191,2.8487692796415437e-09,True
CDKN1C,1.4401534642113402e-131,0.3800820731753205,7.200767321056701e-128,True
HAND2-AS1,0.0,0.38004108387954916,0.0,True
DNAJA4,1.6615789076757899e-59,0.3798366751597153,8.307894538378949e-56,True
KIF15,2.3420735782418714e-58,0.3795396863709712,1.1710367891209357e-54,True
DSP,0.0,0.37934593448822773,0.0,True
AL109930.1,0.0,0.37877296254835524,0.0,True
TPM2,1.271872438939867e-136,0.3786352648101774,6.3593621946993356e-133,True
NMT2,3.1203515759156827e-127,0.37838571313307207,1.5601757879578413e-123,True
NDUFA4L2,0.0,0.3783712895250266,0.0,True
AC104187.1,2.5333857349861355e-102,0.3781217748941953,1.2666928674930678e-98,True
ATP8A2,4.236431635460843e-278,0.37772441739604157,2.1182158177304217e-274,True
AC091078.1,5.856816679963491e-34,0.3776512599848434,2.9284083399817456e-30,True
AC011346.1,1.7077702032028264e-19,0.37764629604731614,8.538851016014132e-16,True
FADS6,5.3869902614009896e-18,0.3775553354332344,2.693495130700495e-14,True
MGC32805,9.741879628856498e-76,0.377457298928497,4.870939814428249e-72,True
MYC,2.0795521229289458e-115,0.3771534000755927,1.0397760614644728e-111,True
NTN4,0.0,0.3770691664901062,0.0,True
TTC13,0.0,0.37615269160905496,0.0,True
CHCHD10,3.770133225386449e-282,0.3761262620805094,1.8850666126932246e-278,True
TYMS,1.3811604771529106e-74,0.3759428143194926,6.905802385764553e-71,True
N4BP3,0.0,0.37591655922995426,0.0,True
CCDC7,3.3225282052289874e-31,0.37577766009056196,1.6612641026144938e-27,True
OLFML2A,0.0,0.3756790814053409,0.0,True
GGT5,8.124565385329756e-172,0.37532865851681807,4.062282692664878e-168,True
LINC01572,9.831136383023958e-15,0.3751788200199764,4.915568191511979e-11,True
LINC02343,1.773990499672763e-15,0.374773724080411,8.869952498363815e-12,True
AL162231.1,1.0061515685216927e-19,0.37458609056122094,5.030757842608464e-16,True
DSCAML1,1.0943983131030617e-37,0.3745561179219426,5.471991565515308e-34,True
CCDC34,6.005796149006532e-73,0.37455560836410506,3.002898074503266e-69,True
COL6A3,1.0038277131343172e-277,0.37388058405253666,5.019138565671586e-274,True
AC090825.1,1.5434647049593577e-34,0.37319315033891554,7.717323524796789e-31,True
PLOD1,8.139910814657498e-203,0.3729243598330021,4.069955407328749e-199,True
COL9A3,3.3344205303265036e-291,0.37285374531419085,1.667210265163252e-287,True
PGM5P2,0.0,0.37220845679258413,0.0,True
AC073050.1,8.207167990836985e-140,0.37198491302455705,4.1035839954184924e-136,True
MKI67,1.8130253209960126e-100,0.3701734800691896,9.065126604980063e-97,True
PCED1B,5.8623181037140655e-142,0.36992078658974287,2.931159051857033e-138,True
SYT1,0.0,0.3699162028966744,0.0,True
LHX6,0.0,0.369716078372392,0.0,True
ANKS1B,1.7641726729430552e-99,0.36956420596258666,8.820863364715276e-96,True
TRAF3,7.581966501197228e-160,0.3693199162895633,3.790983250598614e-156,True
RASGRF2,0.0,0.3692795894480622,0.0,True
S100A4,0.0,0.3689992734225449,0.0,True
SOX11,0.0,0.3688506223486711,0.0,True
DDR2,0.0,0.36868006862990643,0.0,True
KIF11,4.980987818215645e-78,0.3682543453438789,2.4904939091078225e-74,True
NRGN,0.0,0.36816076994523184,0.0,True
ICAM1,6.61401606624353e-155,0.36812824949056083,3.307008033121765e-151,True
ENOX1,0.0,0.36766369699157764,0.0,True
CLEC1A,0.0,0.3675880026027921,0.0,True
LAMA5,0.0,0.3669357255985898,0.0,True
ACVRL1,0.0,0.36496769322669087,0.0,True
TUBB2B,1.4865804857373734e-219,0.3645754657047713,7.432902428686868e-216,True
GALNT13,0.0,0.36412319434687285,0.0,True
JAZF1,6.823325856204516e-143,0.36402634204511203,3.4116629281022576e-139,True
SCFD2,7.352446631667942e-63,0.3639426634189761,3.676223315833971e-59,True
HSPB8,1.0160906043903645e-139,0.36390178355847347,5.0804530219518226e-136,True
CD300LG,0.0,0.3633955253745882,0.0,True
FEZ1,1.0449779614258325e-208,0.36222421498455476,5.224889807129162e-205,True
PAPSS2,1.441982131162738e-148,0.36213277049578235,7.209910655813691e-145,True
DOK6,2.2834763065260936e-255,0.36120328038588023,1.1417381532630467e-251,True
MYBL2,2.5816162141932374e-21,0.3607253582330262,1.2908081070966187e-17,True
GGH,3.486074593170207e-41,0.3601391963342174,1.7430372965851036e-37,True
AL049828.1,5.2612298299808516e-76,0.35984116784827874,2.6306149149904257e-72,True
EZH2,3.4597466207752635e-40,0.3596356452826017,1.729873310387632e-36,True
MGST1,2.373947320031541e-178,0.3596085509069065,1.1869736600157706e-174,True
SLC39A11,2.2432935808450927e-248,0.3586879895524569,1.1216467904225464e-244,True
KHDRBS3,5.63417144254008e-191,0.35861790706105634,2.8170857212700403e-187,True
TIPARP,5.496663664143384e-214,0.3586118610631828,2.748331832071692e-210,True
LINC02440,1.8514037712381512e-183,0.3578938255302789,9.257018856190756e-180,True
SLC16A3,1.8765068582576092e-89,0.3575560388352048,9.382534291288045e-86,True
DACH2,0.0,0.35741061607367547,0.0,True
DPP4,0.0,0.3573190887226982,0.0,True
SULT1B1,0.0,0.35727705705700397,0.0,True
HOXD3,0.0,0.35678620638602104,0.0,True
MB21D2,1.0649184758157263e-82,0.35670114044645285,5.3245923790786317e-79,True
COL26A1,0.0,0.35656662653809246,0.0,True
CDKN1A,5.7596113980380165e-179,0.3565210913039804,2.8798056990190084e-175,True
AL021917.1,2.0573177647441594e-23,0.35623160566258205,1.0286588823720797e-19,True
TSPAN8,0.0,0.35620333325768794,0.0,True
MSRB2,1.3077492716879734e-70,0.3556894667433325,6.538746358439867e-67,True
SYNPO,0.0,0.3551011359096413,0.0,True
LAMC3,0.0,0.3550932941922233,0.0,True
TBC1D32,5.4656773215524765e-17,0.35506771719030294,2.7328386607762383e-13,True
CD24,4.057518184038109e-271,0.3541285328296977,2.0287590920190545e-267,True
HS3ST2,0.0,0.3539723328690433,0.0,True
GBP4,1.41577490224126e-109,0.3539060260590589,7.0788745112063e-106,True
AL355312.3,3.2967253602023583e-136,0.353662528373244,1.6483626801011792e-132,True
KIF21A,0.0,0.35358994264085436,0.0,True
KCNE3,3.2219227066187287e-282,0.3535289995950751,1.6109613533093645e-278,True
TMEM14A,3.7404799203353817e-85,0.3534992555666546,1.870239960167691e-81,True
HBA1,7.50422802757176e-15,0.3529221032083647,3.75211401378588e-11,True
LINC00461,0.0,0.352756474029617,0.0,True
CA2,1.091446918128022e-220,0.3527080100214887,5.45723459064011e-217,True
RASL11B,9.232571233830604e-38,0.3525340526388251,4.616285616915302e-34,True
AC023905.1,1.7912716667941934e-67,0.35246743249795054,8.956358333970966e-64,True
PIK3R1,4.0497893987094974e-254,0.3523196169434622,2.0248946993547488e-250,True
INPP4B,1.303844617898162e-205,0.3515658409852765,6.519223089490811e-202,True
UGCG,2.4539129455908874e-141,0.3514878922647711,1.2269564727954437e-137,True
SIPA1L1,0.0,0.3513728803384836,0.0,True
SPC25,4.784935478058761e-64,0.35134415812887065,2.3924677390293805e-60,True
NAMPT,1.458700876566451e-175,0.3509189874201946,7.293504382832255e-172,True
NOS1,6.828167722652562e-194,0.35059793323841054,3.4140838613262813e-190,True
SEMA3D,0.0,0.3505493715031456,0.0,True
MSR1,5.1671074500576275e-213,0.3505188410798142,2.583553725028814e-209,True
NPM3,1.1403804916638103e-41,0.3502774981825447,5.701902458319052e-38,True
SCT,1.7390803033952553e-62,0.34996584691140714,8.695401516976276e-59,True
MAP2K6,5.652118864061755e-140,0.3497780673672844,2.8260594320308773e-136,True
APOC1,0.0,0.3495209078468451,0.0,True
L3MBTL4,0.0,0.3494814988238118,0.0,True
NOCT,3.958188621031865e-184,0.34947860966916633,1.9790943105159327e-180,True
PLXNB2,3.941082371809286e-53,0.34918760347135436,1.970541185904643e-49,True
PRC1,6.650095749094278e-72,0.3487284341821819,3.325047874547139e-68,True
CRISPLD1,4.931225893385118e-45,0.3486706022629431,2.465612946692559e-41,True
PLD1,0.0,0.3485345023070285,0.0,True
H2AC6,5.623500564662498e-158,0.34829014525989466,2.811750282331249e-154,True
DHDH,0.0,0.34741639877071856,0.0,True
CEMIP,3.5582172930987376e-224,0.3466297654822587,1.7791086465493687e-220,True
PAMR1,0.0,0.34645530352012965,0.0,True
SERPINB1,0.0,0.3462066028510822,0.0,True
SPON1,0.0,0.3462008434428094,0.0,True
EPHB1,0.0,0.34603636561355977,0.0,True
CENPM,6.417576482231722e-11,0.3455139187382954,3.208788241115861e-07,True
MT2A,9.803911581022279e-157,0.3454187355820863,4.90195579051114e-153,True
GPRC5C,1.750428495890238e-209,0.3451421075057467,8.75214247945119e-206,True
EEF1A2,8.844943806209063e-173,0.34468747909529185,4.4224719031045317e-169,True
APC,0.0,0.34459412387589866,0.0,True
AL158206.1,1.4598087444943705e-99,0.34453212775884867,7.299043722471852e-96,True
RND1,1.210345718554552e-117,0.34434530554347803,6.05172859277276e-114,True
SORD,3.058789693474001e-182,0.3443374952735656,1.5293948467370004e-178,True
CREB3L1,0.0,0.3441038112976777,0.0,True
TSBP1-AS1,3.818288678437132e-181,0.34369210569045894,1.909144339218566e-177,True
CRMP1,0.0,0.3431981367285168,0.0,True
LGR4,0.0,0.34316859356594065,0.0,True
ABTB2,1.3811333906949298e-182,0.3430629992120742,6.90566695347465e-179,True
PI16,0.0,0.34241934538821683,0.0,True
ADAM12,0.0,0.3422253977170483,0.0,True
TMEM117,8.44479178597354e-42,0.34186597802885926,4.22239589298677e-38,True
HMGCLL1,6.959953225595207e-164,0.3408530165778607,3.479976612797604e-160,True
CCDC102B,0.0,0.3407892298653483,0.0,True
PCP4,4.832255718778466e-52,0.34053929913222125,2.416127859389233e-48,True
BTG2,2.322619390033302e-191,0.3404924077240583,1.161309695016651e-187,True
CR1L,0.0,0.3404293132536313,0.0,True
PLPP3,1.1985369483069132e-75,0.34036987078070297,5.992684741534566e-72,True
ISLR2,0.0,0.3402210708316681,0.0,True
ELMO1-AS1,1.8937399994357153e-29,0.3402201320949319,9.468699997178577e-26,True
TOB1,2.97150740711738e-72,0.3396277720449723,1.4857537035586901e-68,True
DDIT3,6.58027888008246e-120,0.3391633601658192,3.29013944004123e-116,True
TIAM1,0.0,0.3391478489666755,0.0,True
LRFN5,8.818866678203629e-89,0.3390185461079064,4.4094333391018144e-85,True
SCD,3.2946940507090534e-241,0.33887448016043376,1.6473470253545268e-237,True
NCAPG,3.75030487700183e-73,0.33798182604720145,1.875152438500915e-69,True
DNPH1,5.224192671444812e-133,0.33791716834673363,2.612096335722406e-129,True
PLD5,0.0,0.33777775927082576,0.0,True
TMEM131L,2.5055474795371454e-107,0.33742115552290025,1.2527737397685726e-103,True
AC008050.1,7.487115328371028e-259,0.33693706786291366,3.7435576641855144e-255,True
CENPP,1.02450944952592e-48,0.33628889405980533,5.1225472476296e-45,True
IL1RAP,1.0902318001572075e-106,0.3350589060766032,5.451159000786038e-103,True
C22orf34,0.0,0.33500896215864856,0.0,True
MCUB,0.0,0.3342233979780289,0.0,True
LRRC3B,0.0,0.33408812081404327,0.0,True
GATA5,0.0,0.33398735022423115,0.0,True
GRIN2A,2.5721501860981658e-151,0.33366317422961544,1.286075093049083e-147,True
CAVIN3,1.8018868243364288e-128,0.3333122935927811,9.009434121682144e-125,True
TLE4,4.1805617377708714e-106,0.3333078073467073,2.090280868885436e-102,True
DNAJB9,1.351764249972156e-95,0.3327782853177271,6.75882124986078e-92,True
CRACR2B,5.1181432181783924e-204,0.3327208109910596,2.559071609089196e-200,True
TGFBI,0.0,0.33268559114120233,0.0,True
NRN1,0.0,0.3326781480354561,0.0,True
CKAP2,9.07809376027443e-43,0.3321600136939089,4.5390468801372145e-39,True
MLLT11,6.335439714711124e-32,0.33195624016350256,3.167719857355562e-28,True
ZNF366,0.0,0.3316353127403294,0.0,True
LDHC,0.0,0.331556132024011,0.0,True
TNC,6.885764555358204e-28,0.3312898839639898,3.442882277679102e-24,True
PTGDS,9.364236750677442e-218,0.33110858195677273,4.682118375338721e-214,True
C2,0.0,0.33097657942329595,0.0,True
AP002989.1,0.0,0.3308111586365419,0.0,True
ZNF93,1.2808025582209845e-60,0.33019586260943007,6.404012791104922e-57,True
HMGCS1,4.7441226570008275e-148,0.3299168574395547,2.3720613285004137e-144,True
BRIP1,7.247423901443193e-38,0.329425280117815,3.6237119507215967e-34,True
RIPOR2,8.585945556799351e-97,0.3285978278135954,4.292972778399675e-93,True
MAST1,0.0,0.3278128037452084,0.0,True
TNFRSF19,0.0,0.3275532594915462,0.0,True
THNSL2,7.989428767163698e-37,0.3274614530030143,3.994714383581849e-33,True
SLC7A1,6.73158926590635e-247,0.3269931978971773,3.365794632953175e-243,True
TSPEAR,0.0,0.3264705379984526,0.0,True
AC073332.1,2.1890655662684943e-16,0.3256887821966436,1.0945327831342471e-12,True
CLRN1-AS1,0.0,0.3256514098942095,0.0,True
PTPN13,0.0,0.32521870938465336,0.0,True
TAGLN,7.782981776244523e-48,0.324778146221642,3.8914908881222615e-44,True
NNAT,8.352616424558117e-170,0.3247366737175921,4.1763082122790585e-166,True
AC092069.1,1.5367315434102085e-28,0.32427786291639765,7.683657717051042e-25,True
NABP1,6.207504860308316e-204,0.32381799543497714,3.103752430154158e-200,True
GCNT1,0.0,0.3237971643603671,0.0,True
AL513166.1,0.0,0.3232733028872728,0.0,True
ASPM,2.2317311066783848e-101,0.32308017697493724,1.1158655533391923e-97,True
BIRC5,2.3399286312341653e-84,0.32267818336283627,1.1699643156170826e-80,True
MEF2C-AS1,1.8064531682989744e-123,0.3226476006261432,9.032265841494872e-120,True
RBFOX1,0.0,0.32264590035999036,0.0,True
ETV1,5.573919025762572e-110,0.3219931132657529,2.786959512881286e-106,True
MIR503HG,5.573745541613612e-118,0.3216719353512703,2.7868727708068058e-114,True
TWIST2,3.3409115871842105e-207,0.32139942542739697,1.6704557935921053e-203,True
TOX,0.0,0.3213323158284855,0.0,True
AC015631.1,2.339220228884482e-39,0.32126866621722694,1.169610114442241e-35,True
AGT,5.077996987367181e-09,0.3212221622084558,2.5389984936835904e-05,True
CHORDC1,2.1599429140547195e-56,0.3211989678655104,1.0799714570273598e-52,True
CCDC68,1.3760596462288342e-168,0.3209607796932493,6.880298231144171e-165,True
ADAMTS9-AS2,3.8517187658856536e-110,0.3208901424796095,1.925859382942827e-106,True
CKS2,1.0652637676788373e-96,0.3208610268982205,5.3263188383941865e-93,True
PTPRD,0.0,0.32034198768984457,0.0,True
MACROD2,7.351261383542239e-156,0.32028304745233166,3.6756306917711197e-152,True
AP001636.3,0.0,0.3202255173576464,0.0,True
PCDH9,2.6479236928356328e-110,0.3201679475281105,1.3239618464178165e-106,True
CLIC6,4.339481289691494e-35,0.3200919296759621,2.169740644845747e-31,True
CYSLTR2,0.0,0.3192704683235206,0.0,True
FANCI,5.7768127526263696e-30,0.3192434067401696,2.888406376313185e-26,True
FAR2,1.9895057143762676e-206,0.3192291720704829,9.947528571881338e-203,True
TNNT2,7.561199097543599e-88,0.3185362718431287,3.7805995487718e-84,True
LINC00894,4.847454242925316e-180,0.3185170316641421,2.4237271214626578e-176,True
STC2,0.0,0.31809719050977686,0.0,True
TMEM178A,6.587082262170917e-234,0.3177152014542592,3.2935411310854583e-230,True
CHST11,1.2314539939677685e-139,0.31754498474991855,6.1572699698388424e-136,True
CFI,0.0,0.3157175983062156,0.0,True
SOX2-OT,2.933208881041521e-216,0.3154441895891197,1.4666044405207604e-212,True
BAIAP2L1,0.0,0.31495082382453155,0.0,True
DENND2B,0.0,0.3143774638204525,0.0,True
CAMKMT,7.701208112125169e-67,0.31382684252823567,3.8506040560625847e-63,True
SMC4,2.6141320069397364e-82,0.31382664592266907,1.3070660034698683e-78,True
TESC,0.0,0.31361277848503644,0.0,True
HAPLN3,0.0,0.3135807087119887,0.0,True
CDCA8,1.9772748598317087e-51,0.3134938954937041,9.886374299158544e-48,True
SNHG19,4.865733770330207e-84,0.3122599273947617,2.4328668851651034e-80,True
PLP2,3.3185538583709118e-133,0.31187422948527466,1.6592769291854558e-129,True
SNHG25,4.4312222308674246e-29,0.31166527473860334,2.2156111154337123e-25,True
AL049629.1,0.0,0.31141530091725433,0.0,True
AC011246.1,2.7336013588494203e-83,0.31103568673605125,1.36680067942471e-79,True
CPQ,0.0,0.31090343685530064,0.0,True
EPHA3,6.930488389930469e-290,0.31059931743546587,3.4652441949652344e-286,True
GUCY1A1,0.0,0.30974404334643524,0.0,True
GRAMD1B,4.131839429231563e-183,0.3096049914751401,2.0659197146157815e-179,True
PROX1-AS1,0.0,0.30945319662449877,0.0,True
AP003086.1,1.2869864606133163e-48,0.3094423087453192,6.434932303066581e-45,True
SALL3,0.0,0.30931539681527703,0.0,True
TSTD1,1.2694911962642672e-183,0.3088735956782334,6.347455981321336e-180,True
GAS6,4.161720974235073e-260,0.3088631171234445,2.0808604871175365e-256,True
DNAJC9,2.0048107217163477e-25,0.30860692642027454,1.0024053608581738e-21,True
LMNB1,4.81362503450308e-71,0.30839388688638375,2.40681251725154e-67,True
NRXN3,0.0,0.30814060289570544,0.0,True
MGAT4A,0.0,0.30795514119739775,0.0,True
AL359220.1,0.0,0.30726265119302854,0.0,True
BAIAP2,3.536887712747655e-99,0.3069637575965831,1.7684438563738273e-95,True
PRIM2,2.1950010318221e-10,0.30612811738077833,1.09750051591105e-06,True
HIGD2A,4.301467457499987e-09,0.3060688920004861,2.1507337287499934e-05,True
LINC02147,7.704783633186368e-246,0.305818999725943,3.852391816593184e-242,True
ARHGAP24,9.939654464274818e-164,0.30568084478668156,4.969827232137409e-160,True
NT5E,0.0,0.30560562681968423,0.0,True
PDGFRB,0.0,0.30516482518935983,0.0,True
CKS1B,7.749506624652402e-39,0.30501511587938734,3.8747533123262014e-35,True
LINC01091,1.8911487776233944e-30,0.304190680580759,9.455743888116972e-27,True
SELE,9.615841799725485e-154,0.3038807405910188,4.8079208998627423e-150,True
PLEKHJ1,1.4348673417850778e-54,0.3033988867967941,7.174336708925389e-51,True
ASS1,0.0,0.3033799679763525,0.0,True
CETP,0.0,0.30330340258235267,0.0,True
RADIL,0.0,0.30326864755478344,0.0,True
C1orf61,2.4246786625677205e-282,0.30321875185496894,1.2123393312838603e-278,True
PRELID2,4.8885778839673546e-130,0.30312643534277334,2.4442889419836773e-126,True
WNT4,0.0,0.3027930869067343,0.0,True
TTTY14,1.6260132801742764e-100,0.30260331588765865,8.130066400871381e-97,True
MAPRE2,4.169579640510139e-108,0.30258908850477784,2.0847898202550696e-104,True
AC018647.1,2.4574765663254217e-11,0.302448573999738,1.228738283162711e-07,True
KCNMB2-AS1,2.0715455949352317e-207,0.30175324701229095,1.0357727974676159e-203,True
CTSC,0.0,0.3012074223998064,0.0,True
RAB31,4.0650493556748575e-245,0.30022179252055525,2.0325246778374287e-241,True
